{
  "IcoMoonType": "selection",
  "icons": [
    {
      "icon": {
        "paths": [
          "M686.829 20.563h-349.658c-179.318 0-324.683 143.614-324.683 320.771v345.446c0 177.157 145.365 320.771 324.683 320.771h349.658c179.317 0 324.682-143.614 324.682-320.771v-345.446c0-177.157-145.365-320.771-324.682-320.771z",
          "M403.019 680.215h207.759",
          "M432.689 732.045h148.406",
          "M551.411 783.849h-89.037",
          "M609.903 628.398c0-27.883 6.968-55.334 20.33-79.947l43.932-81.179c0.25-0.482 0.538-0.925 0.775-1.406l0.275-0.531h-0.101c9.191-19.316 13.97-40.392 13.999-61.736 0-88.891-81.583-160.965-182.221-160.965-100.627 0-182.21 72.074-182.21 160.965 0 21.898 5.033 42.711 13.986 61.736h-0.074l0.273 0.531c0.226 0.481 0.525 0.949 0.787 1.431l43.921 81.142c13.331 24.594 20.31 52.059 20.317 79.959"
        ],
        "attrs": [
          {
            "fill": "none",
            "strokeLinejoin": "miter",
            "strokeLinecap": "butt",
            "strokeMiterlimit": "4",
            "strokeWidth": 12.962025316455696
          },
          {
            "fill": "none",
            "strokeLinejoin": "round",
            "strokeLinecap": "round",
            "strokeMiterlimit": "4",
            "strokeWidth": 20.41518987341772
          },
          {
            "fill": "none",
            "strokeLinejoin": "round",
            "strokeLinecap": "round",
            "strokeMiterlimit": "4",
            "strokeWidth": 20.41518987341772
          },
          {
            "fill": "none",
            "strokeLinejoin": "round",
            "strokeLinecap": "round",
            "strokeMiterlimit": "4",
            "strokeWidth": 20.41518987341772
          },
          {
            "fill": "none",
            "strokeLinejoin": "round",
            "strokeLinecap": "round",
            "strokeMiterlimit": "4",
            "strokeWidth": 20.41518987341772
          }
        ],
        "grid": 0,
        "tags": [
          "lamp"
        ]
      },
      "attrs": [
        {
          "fill": "none",
          "strokeLinejoin": "miter",
          "strokeLinecap": "butt",
          "strokeMiterlimit": "4",
          "strokeWidth": 12.962025316455696
        },
        {
          "fill": "none",
          "strokeLinejoin": "round",
          "strokeLinecap": "round",
          "strokeMiterlimit": "4",
          "strokeWidth": 20.41518987341772
        },
        {
          "fill": "none",
          "strokeLinejoin": "round",
          "strokeLinecap": "round",
          "strokeMiterlimit": "4",
          "strokeWidth": 20.41518987341772
        },
        {
          "fill": "none",
          "strokeLinejoin": "round",
          "strokeLinecap": "round",
          "strokeMiterlimit": "4",
          "strokeWidth": 20.41518987341772
        },
        {
          "fill": "none",
          "strokeLinejoin": "round",
          "strokeLinecap": "round",
          "strokeMiterlimit": "4",
          "strokeWidth": 20.41518987341772
        }
      ],
      "properties": {
        "order": 15,
        "id": 7,
        "name": "lamp",
        "prevSize": 32
      },
      "setIdx": 1,
      "setId": 2,
      "iconIdx": 1
    },
    {
      "icon": {
        "paths": [
          "M678.244 25.706h-345.288c-177.075 0-320.624 141.819-320.624 316.762v341.128c0 174.943 143.549 316.762 320.624 316.762h345.288c177.076 0 320.625-141.819 320.625-316.762v-341.128c0-174.943-143.548-316.762-320.625-316.762z",
          "M698.493 703.598c-106.176 104.909-278.351 104.909-384.54 0-106.2-104.897-106.2-274.998 0-379.908 106.176-104.92 278.364-104.92 384.54 0 106.188 104.897 106.188 275.011 0 379.908z",
          "M588.618 643.889c-10.794 10.812-23.647 19.407-37.818 25.292-14.17 5.884-29.379 8.941-44.75 8.993s-30.601-2.9-44.812-8.687c-14.212-5.788-27.123-14.295-37.993-25.033-10.868-10.739-19.48-23.494-25.338-37.535-5.859-14.040-8.847-29.087-8.794-44.273 0.052-15.186 3.146-30.212 9.102-44.211s14.656-26.697 25.6-37.361c21.906-21.345 51.466-33.266 82.234-33.161s60.244 12.227 82.001 33.72c21.756 21.494 34.025 50.616 34.131 81.012 0.106 30.397-11.959 59.602-33.564 81.243z",
          "M506.217 524.119v76.754",
          "M533.692 372.635c-7.31 7.090-17.157 11.041-27.401 10.995s-20.055-4.087-27.299-11.244c-7.244-7.156-11.333-16.849-11.38-26.968-0.047-10.121 3.953-19.85 11.13-27.072 7.31-7.090 17.158-11.043 27.402-10.995 10.244 0.046 20.054 4.087 27.297 11.242 7.244 7.156 11.334 16.85 11.38 26.97 0.047 10.121-3.953 19.85-11.13 27.072v0z"
        ],
        "attrs": [
          {
            "fill": "none",
            "strokeLinejoin": "miter",
            "strokeLinecap": "butt",
            "strokeMiterlimit": "4",
            "strokeWidth": 12.8
          },
          {
            "fill": "none",
            "strokeLinejoin": "round",
            "strokeLinecap": "round",
            "strokeMiterlimit": "4",
            "strokeWidth": 20.16
          },
          {
            "fill": "none",
            "strokeLinejoin": "round",
            "strokeLinecap": "round",
            "strokeMiterlimit": "4",
            "strokeWidth": 20.16
          },
          {
            "fill": "none",
            "strokeLinejoin": "round",
            "strokeLinecap": "round",
            "strokeMiterlimit": "4",
            "strokeWidth": 20.16
          },
          {
            "fill": "none",
            "strokeLinejoin": "round",
            "strokeLinecap": "round",
            "strokeMiterlimit": "4",
            "strokeWidth": 20.16
          }
        ],
        "width": 1011,
        "grid": 0,
        "tags": [
          "key"
        ]
      },
      "attrs": [
        {
          "fill": "none",
          "strokeLinejoin": "miter",
          "strokeLinecap": "butt",
          "strokeMiterlimit": "4",
          "strokeWidth": 12.8
        },
        {
          "fill": "none",
          "strokeLinejoin": "round",
          "strokeLinecap": "round",
          "strokeMiterlimit": "4",
          "strokeWidth": 20.16
        },
        {
          "fill": "none",
          "strokeLinejoin": "round",
          "strokeLinecap": "round",
          "strokeMiterlimit": "4",
          "strokeWidth": 20.16
        },
        {
          "fill": "none",
          "strokeLinejoin": "round",
          "strokeLinecap": "round",
          "strokeMiterlimit": "4",
          "strokeWidth": 20.16
        },
        {
          "fill": "none",
          "strokeLinejoin": "round",
          "strokeLinecap": "round",
          "strokeMiterlimit": "4",
          "strokeWidth": 20.16
        }
      ],
      "properties": {
        "order": 16,
        "id": 2,
        "name": "key",
        "prevSize": 32
      },
      "setIdx": 1,
      "setId": 2,
      "iconIdx": 6
    },
    {
      "icon": {
        "paths": [
          "M332.956 17.731h345.288c177.071 0 320.625 143.554 320.625 320.624v345.288c0 177.071-143.553 320.625-320.625 320.625h-345.288c-177.071 0-320.624-143.553-320.624-320.625v-345.288c0-177.070 143.553-320.624 320.624-320.624z",
          "M591.572 329.852c-25.391-15.020-54.999-23.639-86.618-23.639-31.421 0-60.845 8.495-86.113 23.331",
          "M654.906 271.099c-42.125-30.866-94.092-49.080-150.299-49.080-55.677 0-107.187 17.869-149.091 48.192",
          "M569.92 787.642h-128.645c-66.825 0-120.998-54.173-120.998-121.011v-128.632c0-66.825 54.173-121.011 120.998-121.011h128.645c66.838 0 121.011 54.186 121.011 121.011v128.632c0 66.838-54.173 121.011-121.011 121.011z",
          "M451.468 602.317c0-29.903 24.232-54.148 54.136-54.148 29.892 0 54.136 24.244 54.136 54.148 0 29.905-24.244 54.149-54.136 54.149-29.905 0-54.136-24.244-54.136-54.149z"
        ],
        "attrs": [
          {
            "fill": "none",
            "strokeLinejoin": "miter",
            "strokeLinecap": "butt",
            "strokeMiterlimit": "4",
            "strokeWidth": 19.200000000000003
          },
          {
            "fill": "none",
            "strokeLinejoin": "miter",
            "strokeLinecap": "butt",
            "strokeMiterlimit": "4",
            "strokeWidth": 19.200000000000003
          },
          {
            "fill": "none",
            "strokeLinejoin": "miter",
            "strokeLinecap": "butt",
            "strokeMiterlimit": "4",
            "strokeWidth": 19.200000000000003
          },
          {
            "fill": "none",
            "strokeLinejoin": "miter",
            "strokeLinecap": "butt",
            "strokeMiterlimit": "4",
            "strokeWidth": 19.200000000000003
          },
          {
            "fill": "none",
            "strokeLinejoin": "miter",
            "strokeLinecap": "butt",
            "strokeMiterlimit": "4",
            "strokeWidth": 19.200000000000003
          }
        ],
        "width": 1011,
        "grid": 0,
        "tags": [
          "phon"
        ]
      },
      "attrs": [
        {
          "fill": "none",
          "strokeLinejoin": "miter",
          "strokeLinecap": "butt",
          "strokeMiterlimit": "4",
          "strokeWidth": 19.200000000000003
        },
        {
          "fill": "none",
          "strokeLinejoin": "miter",
          "strokeLinecap": "butt",
          "strokeMiterlimit": "4",
          "strokeWidth": 19.200000000000003
        },
        {
          "fill": "none",
          "strokeLinejoin": "miter",
          "strokeLinecap": "butt",
          "strokeMiterlimit": "4",
          "strokeWidth": 19.200000000000003
        },
        {
          "fill": "none",
          "strokeLinejoin": "miter",
          "strokeLinecap": "butt",
          "strokeMiterlimit": "4",
          "strokeWidth": 19.200000000000003
        },
        {
          "fill": "none",
          "strokeLinejoin": "miter",
          "strokeLinecap": "butt",
          "strokeMiterlimit": "4",
          "strokeWidth": 19.200000000000003
        }
      ],
      "properties": {
        "order": 17,
        "id": 0,
        "name": "phon",
        "prevSize": 32
      },
      "setIdx": 1,
      "setId": 2,
      "iconIdx": 8
    }
  ],
  "height": 1024,
  "preferences": {
    "showGlyphs": true,
    "showQuickUse": true,
    "showQuickUse2": true,
    "showSVGs": true,
    "fontPref": {
      "prefix": "icon-",
      "metadata": {
        "fontFamily": "icomoon"
      },
      "metrics": {
        "emSize": 1024,
        "baseline": 6.25,
        "whitespace": 50
      },
      "embed": false
    },
    "imagePref": {
      "prefix": "icon-",
      "png": true,
      "useClassSelector": true,
      "color": 0,
      "bgColor": 16777215,
      "classSelector": ".icon",
      "name": "icomoon"
    },
    "historySize": 50,
    "showCodes": true,
    "gridSize": 16
  }
}