{
  "IcoMoonType": "selection",
  "icons": [
    {
      "icon": {
        "paths": [
          "M747.917 610.803c0-58.785-47.588-106.447-106.275-106.447h-115.992l-16.092-208.406c-0.771-9.362-5.125-18.065-12.156-24.294-7.031-6.228-16.195-9.504-25.581-9.14-9.386 0.362-18.271 4.334-24.8 11.087s-10.199 15.766-10.245 25.158l0.321 418.501-73.99-64.778c-13.916-12.196-31.694-19.082-50.194-19.443s-36.532 5.827-50.915 17.469c0 0 129.656 158.463 222.403 202.426",
          "M350.947 367.657v-113.649c-0.013-18.529 7.334-36.305 20.426-49.417s30.854-20.488 49.384-20.504h104.721c9.175 0.009 18.257 1.824 26.73 5.341 8.472 3.519 16.169 8.671 22.65 15.164 6.482 6.492 11.621 14.198 15.124 22.676 3.502 8.479 5.302 17.565 5.294 26.739v113.649",
          "M678.244 20.731h-345.288c-177.076 0-320.625 143.548-320.625 320.624v345.288c0 177.076 143.548 320.625 320.625 320.625h345.288c177.075 0 320.623-143.548 320.623-320.625v-345.288c0-177.076-143.548-320.624-320.623-320.624z"
        ],
        "attrs": [
          {
            "fill": "none",
            "strokeLinejoin": "round",
            "strokeLinecap": "round",
            "strokeMiterlimit": "4",
            "strokeWidth": 25.6
          },
          {
            "fill": "none",
            "strokeLinejoin": "round",
            "strokeLinecap": "round",
            "strokeMiterlimit": "4",
            "strokeWidth": 25.6
          },
          {
            "fill": "none",
            "strokeLinejoin": "miter",
            "strokeLinecap": "butt",
            "strokeMiterlimit": "4",
            "strokeWidth": 25.6
          }
        ],
        "width": 1011,
        "grid": 0,
        "tags": [
          "Frame (1)"
        ]
      },
      "attrs": [
        {
          "fill": "none",
          "strokeLinejoin": "round",
          "strokeLinecap": "round",
          "strokeMiterlimit": "4",
          "strokeWidth": 25.6
        },
        {
          "fill": "none",
          "strokeLinejoin": "round",
          "strokeLinecap": "round",
          "strokeMiterlimit": "4",
          "strokeWidth": 25.6
        },
        {
          "fill": "none",
          "strokeLinejoin": "miter",
          "strokeLinecap": "butt",
          "strokeMiterlimit": "4",
          "strokeWidth": 25.6
        }
      ],
      "properties": {
        "order": 91,
        "id": 2,
        "name": "Frame-1",
        "prevSize": 32
      },
      "setIdx": 0,
      "setId": 2,
      "iconIdx": 0
    },
    {
      "icon": {
        "paths": [
          "M678.244 20.731h-345.288c-177.075 0-320.624 143.548-320.624 320.624v345.288c0 177.076 143.549 320.625 320.624 320.625h345.288c177.076 0 320.625-143.548 320.625-320.625v-345.288c0-177.076-143.548-320.624-320.625-320.624z",
          "M283.544 465.329v-61.042c0-68.81 51.546-124.586 115.116-124.586h210.811c63.57 0 115.104 55.776 115.104 124.586v61.042",
          "M283.544 518.369v114.093c0 68.799 51.546 124.586 115.116 124.586h210.811c63.57 0 115.104-55.788 115.104-124.586v-114.093",
          "M339.309 404.975l-55.764 60.365-55.764-60.365",
          "M668.824 578.721l55.764-60.347 55.764 60.347"
        ],
        "attrs": [
          {
            "fill": "none",
            "strokeLinejoin": "miter",
            "strokeLinecap": "butt",
            "strokeMiterlimit": "4",
            "strokeWidth": 25.6
          },
          {
            "fill": "none",
            "strokeLinejoin": "round",
            "strokeLinecap": "round",
            "strokeMiterlimit": "4",
            "strokeWidth": 25.6
          },
          {
            "fill": "none",
            "strokeLinejoin": "round",
            "strokeLinecap": "round",
            "strokeMiterlimit": "4",
            "strokeWidth": 25.6
          },
          {
            "fill": "none",
            "strokeLinejoin": "round",
            "strokeLinecap": "round",
            "strokeMiterlimit": "4",
            "strokeWidth": 25.6
          },
          {
            "fill": "none",
            "strokeLinejoin": "round",
            "strokeLinecap": "round",
            "strokeMiterlimit": "4",
            "strokeWidth": 25.6
          }
        ],
        "width": 1011,
        "grid": 0,
        "tags": [
          "Frame (2)"
        ]
      },
      "attrs": [
        {
          "fill": "none",
          "strokeLinejoin": "miter",
          "strokeLinecap": "butt",
          "strokeMiterlimit": "4",
          "strokeWidth": 25.6
        },
        {
          "fill": "none",
          "strokeLinejoin": "round",
          "strokeLinecap": "round",
          "strokeMiterlimit": "4",
          "strokeWidth": 25.6
        },
        {
          "fill": "none",
          "strokeLinejoin": "round",
          "strokeLinecap": "round",
          "strokeMiterlimit": "4",
          "strokeWidth": 25.6
        },
        {
          "fill": "none",
          "strokeLinejoin": "round",
          "strokeLinecap": "round",
          "strokeMiterlimit": "4",
          "strokeWidth": 25.6
        },
        {
          "fill": "none",
          "strokeLinejoin": "round",
          "strokeLinecap": "round",
          "strokeMiterlimit": "4",
          "strokeWidth": 25.6
        }
      ],
      "properties": {
        "order": 90,
        "id": 1,
        "name": "Frame-2",
        "prevSize": 32
      },
      "setIdx": 0,
      "setId": 2,
      "iconIdx": 1
    },
    {
      "icon": {
        "paths": [
          "M394.33 497.348l73.556 73.373 152.16-151.771",
          "M522.705 852.504c60.105-33.172 274.504-178.021 282.926-559.933 0.296-13.811-8.361-26.674-21.457-31.2-81.316-28.017-175.887-44.233-277.032-44.233h0.099c-101.12 0-195.704 16.216-277.032 44.233-13.108 4.526-21.766 17.389-21.458 31.2 8.435 381.912 222.834 526.761 282.915 559.921 4.746 2.65 10.090 4.040 15.525 4.040s10.78-1.39 15.526-4.040l-0.013 0.013z",
          "M678.244 20.731h-345.288c-177.075 0-320.624 143.548-320.624 320.624v345.288c0 177.076 143.549 320.625 320.624 320.625h345.288c177.076 0 320.625-143.548 320.625-320.625v-345.288c0-177.076-143.548-320.624-320.625-320.624z"
        ],
        "attrs": [
          {
            "fill": "none",
            "strokeLinejoin": "round",
            "strokeLinecap": "round",
            "strokeMiterlimit": "4",
            "strokeWidth": 25.6
          },
          {
            "fill": "none",
            "strokeLinejoin": "round",
            "strokeLinecap": "round",
            "strokeMiterlimit": "4",
            "strokeWidth": 25.6
          },
          {
            "fill": "none",
            "strokeLinejoin": "miter",
            "strokeLinecap": "butt",
            "strokeMiterlimit": "4",
            "strokeWidth": 25.6
          }
        ],
        "width": 1011,
        "grid": 0,
        "tags": [
          "Frame"
        ]
      },
      "attrs": [
        {
          "fill": "none",
          "strokeLinejoin": "round",
          "strokeLinecap": "round",
          "strokeMiterlimit": "4",
          "strokeWidth": 25.6
        },
        {
          "fill": "none",
          "strokeLinejoin": "round",
          "strokeLinecap": "round",
          "strokeMiterlimit": "4",
          "strokeWidth": 25.6
        },
        {
          "fill": "none",
          "strokeLinejoin": "miter",
          "strokeLinecap": "butt",
          "strokeMiterlimit": "4",
          "strokeWidth": 25.6
        }
      ],
      "properties": {
        "order": 89,
        "id": 0,
        "name": "Frame",
        "prevSize": 32
      },
      "setIdx": 0,
      "setId": 2,
      "iconIdx": 2
    }
  ],
  "height": 1024,
  "preferences": {
    "showGlyphs": true,
    "showQuickUse": true,
    "showQuickUse2": false,
    "showSVGs": true,
    "fontPref": {
      "prefix": "icon-",
      "metadata": {
        "fontFamily": "icomoon"
      },
      "metrics": {
        "emSize": 1024,
        "baseline": 6.25,
        "whitespace": 50
      },
      "embed": false
    },
    "imagePref": {
      "prefix": "",
      "png": true,
      "useClassSelector": true,
      "color": 0,
      "bgColor": 16777215,
      "classSelector": ".icon",
      "name": "icomoon",
      "height": 32,
      "columns": 16,
      "margin": 16
    },
    "historySize": 50,
    "showCodes": true,
    "gridSize": 16
  }
}