{
  "IcoMoonType": "selection",
  "icons": [
    {
      "icon": {
        "paths": [
          "M1024 512c0-282.77-229.23-512-512-512s-512 229.23-512 512c0 220.054 138.836 407.664 333.686 480.068l-13.686 31.932h384l-13.686-31.932c194.85-72.404 333.686-260.014 333.686-480.068zM486.79 634.826c-22.808-9.788-38.79-32.436-38.79-58.826 0-35.346 28.654-64 64-64s64 28.654 64 64c0 26.39-15.978 49.044-38.786 58.834l-25.214-58.834-25.21 58.826zM538.268 637.292c58.092-12.118 101.732-63.602 101.732-125.292 0-70.694-57.306-128-128-128-70.692 0-128 57.306-128 128 0 61.692 43.662 113.122 101.76 125.228l-74.624 174.122c-91.23-39.15-155.136-129.784-155.136-235.35 0-141.384 114.616-268 256-268s256 126.616 256 268c0 105.566-63.906 196.2-155.136 235.35l-74.596-174.058zM688.448 987.708l-73.924-172.486c126.446-42.738 217.476-162.346 217.476-303.222 0-176.73-143.268-320-320-320-176.73 0-320 143.27-320 320 0 140.876 91.030 260.484 217.476 303.222l-73.924 172.486c-159.594-68.488-271.386-227.034-271.386-411.708 0-247.332 200.502-459.834 447.834-459.834s447.834 212.502 447.834 459.834c0 184.674-111.792 343.22-271.386 411.708z"
        ],
        "tags": [
          "podcast",
          "broadcast",
          "live",
          "radio",
          "feed"
        ],
        "defaultCode": 59676,
        "grid": 16,
        "attrs": []
      },
      "attrs": [],
      "properties": {
        "ligatures": "podcast, broadcast",
        "name": "podcast",
        "order": 29,
        "id": 29,
        "prevSize": 32
      },
      "setIdx": 1,
      "setId": 1,
      "iconIdx": 28
    },
    {
      "icon": {
        "paths": [
          "M896 0h-896v1024h1024v-896l-128-128zM512 128h128v256h-128v-256zM896 896h-768v-768h64v320h576v-320h74.978l53.022 53.018v714.982z"
        ],
        "tags": [
          "floppy-disk",
          "save"
        ],
        "defaultCode": 59746,
        "grid": 16,
        "attrs": []
      },
      "attrs": [],
      "properties": {
        "ligatures": "floppy-disk, save2",
        "name": "floppy-disk",
        "order": 33,
        "id": 99,
        "prevSize": 32
      },
      "setIdx": 1,
      "setId": 1,
      "iconIdx": 98
    },
    {
      "icon": {
        "paths": [
          "M1002.132 314.242l-101.106-101.104c-24.792-24.794-65.37-65.368-90.162-90.164l-101.106-101.104c-24.792-24.794-68.954-29.166-98.13-9.716l-276.438 184.292c-29.176 19.452-40.218 61.028-24.536 92.39l70.486 140.974c2.154 4.306 4.646 8.896 7.39 13.66l-356.53 356.53-32 224h192v-64h128v-128h128v-128h128v-71.186c6.396 3.812 12.534 7.216 18.192 10.044l140.97 70.488c31.366 15.682 72.94 4.638 92.39-24.538l184.294-276.44c19.454-29.172 15.078-73.33-9.714-98.126zM150.628 854.626l-45.254-45.254 311.572-311.57 45.254 45.254-311.572 311.57zM917.020 423.764l-45.256 45.256c-12.446 12.444-32.808 12.444-45.254 0l-271.53-271.53c-12.446-12.444-12.446-32.81 0-45.254l45.256-45.256c12.446-12.444 32.808-12.444 45.254 0l271.53 271.53c12.446 12.444 12.446 32.81 0 45.254z"
        ],
        "tags": [
          "key",
          "password",
          "login",
          "signin"
        ],
        "defaultCode": 59790,
        "grid": 16,
        "attrs": []
      },
      "attrs": [],
      "properties": {
        "ligatures": "key2, password2",
        "name": "key2",
        "order": 30,
        "id": 143,
        "prevSize": 32
      },
      "setIdx": 1,
      "setId": 1,
      "iconIdx": 142
    }
  ],
  "height": 1024,
  "preferences": {
    "showGlyphs": true,
    "showQuickUse": true,
    "showQuickUse2": true,
    "showSVGs": true,
    "fontPref": {
      "prefix": "icon-",
      "metadata": {
        "fontFamily": "icomoon"
      },
      "metrics": {
        "emSize": 1024,
        "baseline": 6.25,
        "whitespace": 50
      },
      "embed": false
    },
    "imagePref": {
      "prefix": "icon-",
      "png": true,
      "useClassSelector": true,
      "color": 0,
      "bgColor": 16777215,
      "classSelector": ".icon",
      "name": "icomoon"
    },
    "historySize": 50,
    "showCodes": true,
    "gridSize": 16
  }
}